contig_id,start_position,coverage
contig_1,1,0.00
contig_2,1,0.00
contig_3,1,0.00
contig_4,1,0.00
contig_5,1,0.00
contig_6,1,0.00
contig_7,1,0.00
contig_8,1,0.00
contig_9,1,0.00
contig_10,1,0.00
contig_11,1,0.00
contig_12,1,0.00
contig_13,1,0.00
contig_14,1,0.00
contig_15,1,0.00
contig_16,1,0.00
contig_17,1,0.00
contig_18,1,0.00
contig_19,1,0.00
contig_20,1,0.00
contig_21,1,0.00
contig_22,1,0.00
contig_23,1,0.00
contig_24,1,0.00
contig_25,1,0.00
contig_26,1,0.00
contig_27,1,0.00
contig_28,1,0.00
contig_29,1,0.00
contig_30,1,0.00
contig_31,1,0.00
contig_32,1,0.00
contig_33,1,0.00
contig_34,1,0.00
contig_35,1,0.00
contig_36,1,0.00
contig_37,1,0.00
contig_38,1,0.00
contig_39,1,0.00
contig_40,1,0.00
contig_41,1,0.00
contig_42,1,0.00
contig_43,1,0.00
contig_44,1,0.00
contig_45,1,0.00
contig_46,1,0.00
contig_47,1,0.00
contig_48,1,0.00
contig_49,1,0.00
contig_50,1,0.00
contig_51,1,0.00
contig_52,1,0.00
contig_53,1,0.00
contig_54,1,0.00
contig_55,1,0.00
contig_56,1,0.00
contig_57,1,0.00
contig_58,1,0.00
contig_59,1,0.00
contig_60,1,0.00
contig_61,1,0.00
contig_62,1,0.00
contig_63,1,0.00
contig_64,1,0.00
contig_65,1,0.00
contig_66,1,0.00
contig_67,1,0.00
contig_68,1,0.00
contig_69,1,0.00
contig_70,1,0.00
contig_71,1,0.00
contig_72,1,0.00
contig_73,1,0.00
contig_74,1,0.00
contig_75,1,0.00
contig_76,1,0.00
contig_77,1,0.00
contig_78,1,0.00
contig_79,1,0.00
contig_80,1,0.00
contig_81,1,0.00
contig_82,1,0.00
contig_83,1,0.00
contig_84,1,0.00
contig_85,1,0.00
contig_86,1,0.00
contig_87,1,0.00
contig_88,1,0.00
contig_89,1,0.00
contig_90,1,0.00
contig_91,1,0.00
contig_92,1,0.00
contig_93,1,0.00
contig_94,1,0.00
contig_95,1,0.00
contig_96,1,0.00
contig_97,1,0.00
contig_98,1,0.00
contig_99,1,0.00
contig_100,1,0.00
contig_101,1,0.00
contig_102,1,0.00
contig_103,1,0.00
contig_104,1,0.00
contig_105,1,0.00
contig_106,1,0.00
contig_107,1,0.00
contig_108,1,0.00
contig_109,1,0.00
contig_110,1,0.00
contig_111,1,0.00
contig_112,1,0.00
contig_113,1,0.00
contig_114,1,0.00
contig_115,1,0.00
contig_116,1,0.00
contig_117,1,0.00
contig_118,1,0.00
contig_119,1,0.00
contig_120,1,0.00
contig_121,1,0.00
contig_122,1,0.00
contig_123,1,0.00
contig_124,1,0.00
contig_125,1,0.00
contig_126,1,0.00
contig_127,1,0.00
contig_128,1,0.00
contig_129,1,0.00
contig_130,1,0.00
contig_131,1,0.00
contig_132,1,0.00
contig_133,1,0.00
contig_134,1,0.00
contig_135,1,0.00
contig_136,1,0.00
contig_137,1,0.00
contig_138,1,0.00
contig_139,1,0.00
contig_140,1,0.00
contig_141,1,0.00
contig_142,1,0.00
contig_143,1,0.00
contig_144,1,0.00
contig_145,1,0.00
contig_146,1,0.00
contig_147,1,0.00
contig_148,1,0.00
contig_149,1,0.00
contig_150,1,0.00
contig_151,1,0.00
contig_152,1,0.00
contig_153,1,0.00
contig_154,1,0.00
contig_155,1,0.00
contig_156,1,0.00
contig_157,1,0.00
contig_158,1,0.00
contig_159,1,0.00
contig_160,1,0.00
contig_161,1,0.00
contig_162,1,0.00
contig_163,1,0.00
contig_164,1,0.00
contig_165,1,0.00
contig_166,1,0.00
contig_167,1,0.00
contig_168,1,0.00
contig_169,1,0.00
contig_170,1,0.00
contig_171,1,0.00
contig_172,1,0.00
contig_173,1,0.00
contig_174,1,0.00
contig_175,1,0.00
contig_176,1,0.00
contig_177,1,0.00
contig_178,1,0.00
contig_179,1,0.00
contig_180,1,0.00
contig_181,1,0.00
contig_182,1,0.00
contig_183,1,0.00
contig_184,1,0.00
contig_185,1,0.00
contig_186,1,0.00
contig_187,1,0.00
contig_188,1,0.00
contig_189,1,0.00
contig_190,1,0.00
contig_191,1,0.00
contig_192,1,0.00
contig_193,1,0.00
contig_194,1,0.00
contig_195,1,0.00
contig_196,1,0.00
contig_197,1,0.00
contig_198,1,0.00
contig_199,1,0.00
contig_200,1,0.00
contig_201,1,0.00
contig_202,1,0.00
contig_203,1,0.00
contig_204,1,0.00
contig_205,1,0.00
contig_206,1,0.00
contig_207,1,0.00
contig_208,1,0.00
contig_209,1,0.00
contig_210,1,0.00
contig_211,1,0.00
contig_212,1,0.00
contig_213,1,0.00
contig_214,1,0.00
contig_215,1,0.00
contig_216,1,0.00
contig_217,1,0.00
contig_218,1,0.00
contig_219,1,0.00
contig_220,1,0.00
contig_221,1,0.00
contig_222,1,0.00
contig_223,1,0.00
contig_224,1,0.00
contig_225,1,0.00
contig_226,1,0.00
contig_227,1,0.00
contig_228,1,0.00
contig_229,1,0.00
contig_230,1,0.00
contig_231,1,0.00
contig_232,1,0.00
contig_233,1,0.00
contig_234,1,0.00
contig_235,1,0.00
contig_236,1,0.00
contig_237,1,0.00
contig_238,1,0.00
contig_239,1,0.00
contig_240,1,0.00
contig_241,1,0.00
contig_242,1,0.00
contig_243,1,0.00
contig_244,1,0.00
contig_245,1,0.00
contig_246,1,0.00
contig_247,1,0.00
contig_248,1,0.00
contig_249,1,0.00
contig_250,1,0.00
contig_251,1,0.00
contig_252,1,0.00
contig_253,1,0.00
contig_254,1,0.00
contig_255,1,0.00
contig_256,1,0.00
contig_257,1,0.00
contig_258,1,0.00
contig_259,1,0.00
contig_260,1,0.00
contig_261,1,0.00
contig_262,1,0.00
contig_263,1,0.00
contig_264,1,0.00
contig_265,1,0.00
contig_266,1,0.00
contig_267,1,0.00
contig_268,1,0.00
contig_269,1,0.00
contig_270,1,0.00
contig_271,1,0.00
contig_272,1,0.00
contig_273,1,0.00
contig_274,1,0.00
contig_275,1,0.00
contig_276,1,0.00
contig_277,1,0.00
contig_278,1,0.00
contig_279,1,0.00
contig_280,1,0.00
contig_281,1,0.00
contig_282,1,0.00
contig_283,1,0.00
contig_284,1,0.00
contig_285,1,0.00
contig_286,1,0.00
contig_287,1,0.00
contig_288,1,0.00
contig_289,1,0.00
contig_290,1,0.00
contig_291,1,0.00
contig_292,1,0.00
contig_293,1,0.00
contig_294,1,0.00
contig_295,1,0.00
contig_296,1,0.00
contig_297,1,0.00
contig_298,1,0.00
contig_299,1,0.00
contig_300,1,0.00
contig_301,1,0.00
contig_302,1,0.00
contig_303,1,0.00
contig_304,1,0.00
contig_305,1,0.00
contig_306,1,0.00
contig_307,1,0.00
contig_308,1,0.00
contig_309,1,0.00
contig_310,1,0.00
contig_311,1,0.00
contig_312,1,0.00
contig_313,1,0.00
contig_314,1,0.00
contig_315,1,0.00
contig_316,1,0.00
contig_317,1,0.00
contig_318,1,0.00
contig_319,1,0.00
contig_320,1,0.00
contig_321,1,0.00
contig_322,1,0.00
contig_323,1,0.00
contig_324,1,0.00
contig_325,1,0.00
contig_326,1,0.00
contig_327,1,0.00
contig_328,1,0.00
contig_329,1,0.00
contig_330,1,0.00
contig_331,1,0.00
contig_332,1,0.00
contig_333,1,0.00
contig_334,1,0.00
contig_335,1,0.00
contig_336,1,0.00
contig_337,1,0.00
contig_338,1,0.00
contig_339,1,0.00
contig_340,1,0.00
contig_341,1,0.00
contig_342,1,0.00
contig_343,1,0.00
contig_344,1,0.00
contig_345,1,0.00
contig_346,1,0.00
contig_347,1,0.00
contig_348,1,0.00
contig_349,1,0.00
contig_350,1,0.00
contig_351,1,0.00
contig_352,1,0.00
contig_353,1,0.00
contig_354,1,0.00
contig_355,1,0.00
contig_356,1,0.00
contig_357,1,0.00
contig_358,1,0.00
contig_359,1,0.00
contig_360,1,0.00
contig_361,1,0.00
contig_362,1,0.00
contig_363,1,0.00
contig_364,1,0.00
contig_365,1,0.00
contig_366,1,0.00
contig_367,1,0.00
contig_368,1,0.00
contig_369,1,0.00
contig_370,1,0.00
contig_371,1,0.00
contig_372,1,0.00
contig_373,1,0.00
contig_374,1,0.00
contig_375,1,0.00
contig_376,1,0.00
contig_377,1,0.00
contig_378,1,0.00
contig_379,1,0.00
contig_380,1,0.00
contig_381,1,0.00
contig_382,1,0.00
contig_383,1,0.00
contig_384,1,0.00
contig_385,1,0.00
contig_386,1,0.00
contig_387,1,0.00
contig_388,1,0.00
contig_389,1,0.00
contig_390,1,0.00
contig_391,1,0.00
contig_392,1,0.00
contig_393,1,0.00
contig_394,1,0.00
contig_395,1,0.00
contig_396,1,0.00
contig_397,1,0.00
contig_398,1,0.00
contig_399,1,0.00
contig_400,1,0.00
contig_401,1,0.00
contig_402,1,0.00
contig_403,1,0.00
contig_404,1,0.00
contig_405,1,0.00
contig_406,1,0.00
contig_407,1,0.00
contig_408,1,0.00
contig_409,1,0.00
contig_410,1,0.00
contig_411,1,0.00
contig_412,1,0.00
contig_413,1,0.00
contig_414,1,0.00
contig_415,1,0.00
contig_416,1,0.00
contig_417,1,0.00
contig_418,1,0.00
contig_419,1,0.00
contig_420,1,0.00
contig_421,1,0.00
contig_422,1,0.00
contig_423,1,0.00
contig_424,1,0.00
contig_425,1,0.00
contig_426,1,0.00
contig_427,1,0.00
contig_428,1,0.00
contig_429,1,0.00
contig_430,1,0.00
contig_431,1,0.00
contig_432,1,0.00
contig_433,1,0.00
contig_434,1,0.00
contig_435,1,0.00
contig_436,1,0.00
contig_437,1,0.00
contig_438,1,0.00
contig_439,1,0.00
contig_440,1,0.00
contig_441,1,0.00
contig_442,1,0.00
contig_443,1,0.00
contig_444,1,0.00
contig_445,1,0.00
contig_446,1,0.00
contig_447,1,0.00
contig_448,1,0.00
contig_449,1,0.00
contig_450,1,0.00
contig_451,1,0.00
contig_452,1,0.00
contig_453,1,0.00
contig_454,1,0.00
contig_455,1,0.00
contig_456,1,0.00
contig_457,1,0.00
contig_458,1,0.00
contig_459,1,0.00
contig_460,1,0.00
contig_461,1,0.00
contig_462,1,0.00
contig_463,1,0.00
contig_464,1,0.00
contig_465,1,0.00
contig_466,1,0.00
contig_467,1,0.00
contig_468,1,0.00
contig_469,1,0.00
contig_470,1,0.00
contig_471,1,0.00
contig_472,1,0.00
contig_473,1,0.00
contig_474,1,0.00
contig_475,1,0.00
contig_476,1,0.00
contig_477,1,0.00
contig_478,1,0.00
contig_479,1,0.00
contig_480,1,0.00
contig_481,1,0.00
contig_482,1,0.00
contig_483,1,0.00
contig_484,1,0.00
contig_485,1,0.00
contig_486,1,0.00
contig_487,1,0.00
contig_488,1,0.00
contig_489,1,0.00
contig_490,1,0.00
contig_491,1,0.00
contig_492,1,0.00
contig_493,1,0.00
contig_494,1,0.00
contig_495,1,0.00
contig_496,1,0.00
contig_497,1,0.00
contig_498,1,0.00
contig_499,1,0.00
contig_500,1,0.00
contig_501,1,0.00
contig_502,1,0.00
contig_503,1,0.00
contig_504,1,0.00
contig_505,1,0.00
contig_506,1,0.00
contig_507,1,0.00
contig_508,1,0.00
contig_509,1,0.00
contig_510,1,0.00
contig_511,1,0.00
contig_512,1,0.00
contig_513,1,0.00
contig_514,1,0.00
contig_515,1,0.00
contig_516,1,0.00
contig_517,1,0.00
contig_518,1,0.00
contig_519,1,0.00
contig_520,1,0.00
contig_521,1,0.00
contig_522,1,0.00
contig_523,1,0.00
contig_524,1,0.00
contig_525,1,0.00
contig_526,1,0.00
contig_527,1,0.00
contig_528,1,0.00
contig_529,1,0.00
contig_530,1,0.00
contig_531,1,0.00
contig_532,1,0.00
contig_533,1,0.00
contig_534,1,0.00
contig_535,1,0.00
contig_536,1,0.00
contig_537,1,0.00
contig_538,1,0.00
contig_539,1,0.00
contig_540,1,0.00
contig_541,1,0.00
contig_542,1,0.00
contig_543,1,0.00
contig_544,1,0.00
contig_545,1,0.00
contig_546,1,0.00
contig_547,1,0.00
contig_548,1,0.00
contig_549,1,0.00
contig_550,1,0.00
contig_551,1,0.00
contig_552,1,0.00
contig_553,1,0.00
contig_554,1,0.00
contig_555,1,0.00
contig_556,1,0.00
contig_557,1,0.00
contig_558,1,0.00
contig_559,1,0.00
contig_560,1,0.00
contig_561,1,0.00
contig_562,1,0.00
contig_563,1,0.00
contig_564,1,0.00
contig_565,1,0.00
contig_566,1,0.00
contig_567,1,0.00
contig_568,1,0.00
contig_569,1,0.00
contig_570,1,0.00
contig_571,1,0.00
contig_572,1,0.00
contig_573,1,0.00
contig_574,1,0.00
contig_575,1,0.00
contig_576,1,0.00
contig_577,1,0.00
contig_578,1,0.00
contig_579,1,0.00
contig_580,1,0.00
contig_581,1,0.00
contig_582,1,0.00
contig_583,1,0.00
contig_584,1,0.00
contig_585,1,0.00
contig_586,1,0.00
contig_587,1,0.00
contig_588,1,0.00
contig_589,1,0.00
contig_590,1,0.00
contig_591,1,0.00
contig_592,1,0.00
contig_593,1,0.00
contig_594,1,0.00
contig_595,1,0.00
contig_596,1,0.00
contig_597,1,0.00
contig_598,1,0.00
contig_599,1,0.00
contig_600,1,0.00
contig_601,1,0.00
contig_602,1,0.00
contig_603,1,0.00
contig_604,1,0.00
contig_605,1,0.00
contig_606,1,0.00
contig_607,1,0.00
contig_608,1,0.00
contig_609,1,0.00
contig_610,1,0.00
contig_611,1,0.00
contig_612,1,0.00
contig_613,1,0.00
contig_614,1,0.00
contig_615,1,0.00
contig_616,1,0.00
contig_617,1,0.00
contig_618,1,0.00
contig_619,1,0.00
contig_620,1,0.00
contig_621,1,0.00
contig_622,1,0.00
contig_623,1,0.00
contig_624,1,0.00
contig_625,1,0.00
contig_626,1,0.00
contig_627,1,0.00
contig_628,1,0.00
contig_629,1,0.00
contig_630,1,0.00
contig_631,1,0.00
contig_632,1,0.00
contig_633,1,0.00
contig_634,1,0.00
contig_635,1,0.00
contig_636,1,0.00
contig_637,1,0.00
contig_638,1,0.00
contig_639,1,0.00
contig_640,1,0.00
contig_641,1,0.00
contig_642,1,0.00
contig_643,1,0.00
contig_644,1,0.00
contig_645,1,0.00
contig_646,1,0.00
contig_647,1,0.00
contig_648,1,0.00
contig_649,1,0.00
contig_650,1,0.00
contig_651,1,0.00
contig_652,1,0.00
contig_653,1,0.00
contig_654,1,0.00
contig_655,1,0.00
contig_656,1,0.00
contig_657,1,0.00
contig_658,1,0.00
contig_659,1,0.00
contig_660,1,0.00
contig_661,1,0.00
contig_662,1,0.00
contig_663,1,0.00
contig_664,1,0.00
contig_665,1,0.00
contig_666,1,0.00
contig_667,1,0.00
contig_668,1,0.00
contig_669,1,0.00
contig_670,1,0.00
contig_671,1,0.00
contig_672,1,0.00
contig_673,1,0.00
contig_674,1,0.00
contig_675,1,0.00
contig_676,1,0.00
contig_677,1,0.00
contig_678,1,0.00
contig_679,1,0.00
contig_680,1,0.00
contig_681,1,0.00
contig_682,1,0.00
contig_683,1,0.00
contig_684,1,0.00
contig_685,1,0.00
contig_686,1,0.00
contig_687,1,0.00
contig_688,1,0.00
contig_689,1,0.00
contig_690,1,0.00
contig_691,1,0.00
contig_692,1,0.00
contig_693,1,0.00
contig_694,1,0.00
contig_695,1,0.00
contig_696,1,0.00
contig_697,1,0.00
contig_698,1,0.00
contig_699,1,0.00
contig_700,1,0.00
contig_701,1,0.00
contig_702,1,0.00
contig_703,1,0.00
contig_704,1,0.00
contig_705,1,0.00
contig_706,1,0.00
contig_707,1,0.00
contig_708,1,0.00
contig_709,1,0.00
contig_710,1,0.00
contig_711,1,0.00
contig_712,1,0.00
contig_713,1,0.00
contig_714,1,0.00
contig_715,1,0.00
contig_716,1,0.00
contig_717,1,0.00
contig_718,1,0.00
contig_719,1,0.00
contig_720,1,0.00
contig_721,1,0.00
contig_722,1,0.00
contig_723,1,0.00
contig_724,1,0.00
contig_725,1,0.00
contig_726,1,0.00
contig_727,1,0.00
contig_728,1,0.00
contig_729,1,0.00
contig_730,1,0.00
contig_731,1,0.00
contig_732,1,0.00
contig_733,1,0.00
contig_734,1,0.00
contig_735,1,0.00
contig_736,1,0.00
contig_737,1,0.00
contig_738,1,0.00
contig_739,1,0.00
contig_740,1,0.00
contig_741,1,0.00
contig_742,1,0.00
contig_743,1,0.00
contig_744,1,0.00
contig_745,1,0.00
contig_746,1,0.00
contig_747,1,0.00
contig_748,1,0.00
contig_749,1,0.00
contig_750,1,0.00
contig_751,1,0.00
contig_752,1,0.00
contig_753,1,0.00
contig_754,1,0.00
contig_755,1,0.00
contig_756,1,0.00
contig_757,1,0.00
contig_758,1,0.00
contig_759,1,0.00
contig_760,1,0.00
contig_761,1,0.00
contig_762,1,0.00
contig_763,1,0.00
contig_764,1,0.00
contig_765,1,0.00
contig_766,1,0.00
contig_767,1,0.00
contig_768,1,0.00
contig_769,1,0.00
contig_770,1,0.00
contig_771,1,0.00
contig_772,1,0.00
contig_773,1,0.00
contig_774,1,0.00
contig_775,1,0.00
contig_776,1,0.00
contig_777,1,0.00
contig_778,1,0.00
contig_779,1,0.00
contig_780,1,0.00
contig_781,1,0.00
contig_782,1,0.00
contig_783,1,0.00
contig_784,1,0.00
contig_785,1,0.00
contig_786,1,0.00
contig_787,1,0.00
contig_788,1,0.00
contig_789,1,0.00
contig_790,1,0.00
contig_791,1,0.00
contig_792,1,0.00
contig_793,1,0.00
contig_794,1,0.00
contig_795,1,0.00
contig_796,1,0.00
contig_797,1,0.00
contig_798,1,0.00
contig_799,1,0.00
contig_800,1,0.00
contig_801,1,0.00
contig_802,1,0.00
contig_803,1,0.00
contig_804,1,0.00
contig_805,1,0.00
contig_806,1,0.00
contig_807,1,0.00
contig_808,1,0.00
contig_809,1,0.00
contig_810,1,0.00
contig_811,1,0.00
contig_812,1,0.00
contig_813,1,0.00
contig_814,1,0.00
contig_815,1,0.00
contig_816,1,0.00
contig_817,1,0.00
contig_818,1,0.00
contig_819,1,0.00
contig_820,1,0.00
contig_821,1,0.00
contig_822,1,0.00
contig_823,1,0.00
contig_824,1,0.00
contig_825,1,0.00
contig_826,1,0.00
contig_827,1,0.00
contig_828,1,0.00
contig_829,1,0.00
contig_830,1,0.00
contig_831,1,0.00
contig_832,1,0.00
contig_833,1,0.00
contig_834,1,0.00
contig_835,1,0.00
contig_836,1,0.00
contig_837,1,0.00
contig_838,1,0.00
contig_839,1,0.00
contig_840,1,0.00
contig_841,1,0.00
contig_842,1,0.00
contig_843,1,0.00
contig_844,1,0.00
contig_845,1,0.00
contig_846,1,0.00
contig_847,1,0.00
contig_848,1,0.00
contig_849,1,0.00
contig_850,1,0.00
contig_851,1,0.00
contig_852,1,0.00
contig_853,1,0.00
contig_854,1,0.00
contig_855,1,0.00
contig_856,1,0.00
contig_857,1,0.00
contig_858,1,0.00
contig_859,1,0.00
contig_860,1,0.00
contig_861,1,0.00
contig_862,1,0.00
contig_863,1,0.00
contig_864,1,0.00
contig_865,1,0.00
contig_866,1,0.00
contig_867,1,0.00
contig_868,1,0.00
contig_869,1,0.00
contig_870,1,0.00
contig_871,1,0.00
contig_872,1,0.00
contig_873,1,0.00
contig_874,1,0.00
contig_875,1,0.00
contig_876,1,0.00
contig_877,1,0.00
contig_878,1,0.00
contig_879,1,0.00
contig_880,1,0.00
contig_881,1,0.00
contig_882,1,0.00
contig_883,1,0.00
contig_884,1,0.00
contig_885,1,0.00
contig_886,1,0.00
contig_887,1,0.00
contig_888,1,0.00
contig_889,1,0.00
contig_890,1,0.00
contig_891,1,0.00
contig_892,1,0.00
contig_893,1,0.00
contig_894,1,0.00
contig_895,1,0.00
contig_896,1,0.00
contig_897,1,0.00
contig_898,1,0.00
contig_899,1,0.00
contig_900,1,0.00
contig_901,1,0.00
contig_902,1,0.00
contig_903,1,0.00
contig_904,1,0.00
contig_905,1,0.00
contig_906,1,0.00
contig_907,1,0.00
contig_908,1,0.00
contig_909,1,0.00
contig_910,1,0.00
contig_911,1,0.00
contig_912,1,0.00
contig_913,1,0.00
contig_914,1,0.00
contig_915,1,0.00
contig_916,1,0.00
contig_917,1,0.00
contig_918,1,0.00
contig_919,1,0.00
contig_920,1,0.00
contig_921,1,0.00
contig_922,1,0.00
contig_923,1,0.00
contig_924,1,0.00
contig_925,1,0.00
contig_926,1,0.00
contig_927,1,0.00
contig_928,1,0.00
contig_929,1,0.00
contig_930,1,0.00
contig_931,1,0.00
contig_932,1,0.00
contig_933,1,0.00
contig_934,1,0.00
contig_935,1,0.00
contig_936,1,0.00
contig_937,1,0.00
contig_938,1,0.00
contig_939,1,0.00
contig_940,1,0.00
contig_941,1,0.00
contig_942,1,0.00
contig_943,1,0.00
contig_944,1,0.00
contig_945,1,0.00
contig_946,1,0.00
contig_947,1,0.00
contig_948,1,0.00
contig_949,1,0.00
contig_950,1,0.00
contig_951,1,0.00
contig_952,1,0.00
contig_953,1,0.00
contig_954,1,0.00
contig_955,1,0.00
contig_956,1,0.00
contig_957,1,0.00
contig_958,1,0.00
contig_959,1,0.00
contig_960,1,0.00
contig_961,1,0.00
contig_962,1,0.00
contig_963,1,0.00
contig_964,1,0.00
contig_965,1,0.00
contig_966,1,0.00
contig_967,1,0.00
contig_968,1,0.00
contig_969,1,0.00
contig_970,1,0.00
contig_971,1,0.00
contig_972,1,0.00
contig_973,1,0.00
contig_974,1,0.00
contig_975,1,0.00
contig_976,1,0.00
contig_977,1,0.00
contig_978,1,0.00
contig_979,1,0.00
contig_980,1,0.00
contig_981,1,0.00
contig_982,1,0.00
contig_983,1,0.00
contig_984,1,0.00
contig_985,1,0.00
